H0_ID,Q_AC,Q_F,Q_2,Q_3,Q_V,HPID,USRNM
1,1,11,1,1,OK,device-01,enumerator-01
2,2,11,2,2,OK,device-01,enumerator-01
3,3,12,1,3,OK,device-02,enumerator-02
4,4,12,2,4,OK,device-02,enumerator-02
5,5,31,1,2,OK,device-03,enumerator-03
6,6,31,2,1,OK,device-03,enumerator-03
7,7,32,1,2,OK,device-04,enumerator-04
8,8,32,2,3,OK,device-04,enumerator-04
9,9,33,1,4,OK,device-05,enumerator-05
10,10,33,2,2,OK,device-05,enumerator-05
11,11,34,1,1,OK,device-06,enumerator-06
12,12,34,2,3,OK,device-06,enumerator-06
13,13,35,1,2,OK,device-07,enumerator-07
14,14,35,2,4,OK,device-07,enumerator-07
15,15,33,1,3,REVIEW,device-08,enumerator-08
16,15,33,1,3,OK,device-08,enumerator-08
